{
    "trend_equation": "y(t) = 0.3353 * t + 6.7955",
    "harmonic_coefficients": {
        "A1": 0.15849270231717008,
        "A2": -2.231953306828582,
        "B1": -0.35391308411869216,
        "B2": -0.21397729857278946
    },
    "forecast": {
        "1": 5.057308626257813,
        "2": 7.988161598145695,
        "3": 9.034470702577515,
        "4": 5.84659581044618,
        "5": 8.74932161005769,
        "6": 11.180853532806807,
        "7": 7.62509791659903,
        "8": 8.847785307905252,
        "9": 11.639135209254063,
        "10": 8.545237938905396,
        "11": 9.437295893198513,
        "12": 13.407601680574732,
        "13": 10.725215798525188,
        "14": 9.877917302652687,
        "15": 13.5867814297326,
        "16": 11.677073449356126,
        "17": 10.465974527867814,
        "18": 14.90851619849189,
        "19": 14.03470029860638,
        "20": 11.41031128701694,
        "21": 14.907775007434594,
        "22": 14.87832650578478,
        "23": 12.116947019114942,
        "24": 15.829684079526,
        "25": 17.159208318841536,
        "26": 13.619958936037394
    }
}